{"schemaVersion":"1.0","appDefinitionTemplate":{"id":"/providers/Microsoft.PowerApps/apps/","type":"Microsoft.PowerApps/apps","tags":{"primaryDeviceWidth":"1366","primaryDeviceHeight":"768","supportsPortrait":"true","supportsLandscape":"true","primaryFormFactor":"Tablet","showStatusBar":"false","publisherVersion":"3.25093.16","minimumRequiredApiVersion":"2.2.0","hasComponent":"false","hasUnlockedComponent":"false","isUnifiedRootApp":"false","sienaVersion":"20250927T030527Z-3.25093.16.0"},"properties":{"appVersion":"2025-09-27T03:05:27Z","lifeCycleId":"Published","createdByClientVersion":{"major":3,"minor":25093,"build":16,"revision":0,"majorRevision":0,"minorRevision":0},"minClientVersion":{"major":3,"minor":25093,"build":16,"revision":0,"majorRevision":0,"minorRevision":0},"backgroundColor":"RGBA(0,176,240,1)","backgroundImageUri":"/13335922490890917701/Nee09225f-0ad6-4c57-808c-d0a0b5d02925-logoSmallFile","displayName":"talentsync","description":"","commitMessage":"","appUris":{"documentUri":{"value":"/13335922490890917701/Nbb2e001e-e18a-406d-be2a-07307acb5786-document.msapp"},"imageUris":[],"additionalUris":[{"isSolutionAware":false,"value":"/13335922490890917701/N4f00137c-bf60-4c81-84c5-be9cc31bd33f-identity.json"}]},"createdTime":"0001-01-01T00:00:00Z","lastModifiedTime":"0001-01-01T00:00:00Z","sharedGroupsCount":0,"sharedUsersCount":0,"connectionReferences":{},"databaseReferences":{},"almMode":"Environment","performanceOptimizationEnabled":true,"canConsumeAppPass":true,"enableModernRuntimeMode":false,"executionRestrictions":{"isTeamsOnly":false,"dataLossPreventionEvaluationResult":{"status":"Compliant","lastEvaluationDate":"2025-09-27T03:05:30.356777Z","violations":[],"violationsByPolicy":[],"violationErrorMessage":"The app uses the following connectors: ."}}},"isAppComponentLibrary":false,"appType":"ClassicCanvasApp","appComponents":[]}}